[{"family":"MaterialIcons","fonts":[{"asset":"fonts/MaterialIcons-Regular.otf"}]},{"family":"RobotoRegular","fonts":[{"asset":"assets/fonts/Roboto-Regular.ttf"}]},{"family":"RalewayMedium","fonts":[{"asset":"assets/fonts/Raleway-Medium.ttf"}]},{"family":"OswaldRegular","fonts":[{"asset":"assets/fonts/Oswald-Regular.ttf"}]},{"family":"ComfortaaMedium","fonts":[{"asset":"assets/fonts/Comfortaa-Medium.ttf"}]},{"family":"ConsolasRegular","fonts":[{"asset":"assets/fonts/Consolas-Regular.ttf"}]},{"family":"packages/cupertino_icons/CupertinoIcons","fonts":[{"asset":"packages/cupertino_icons/assets/CupertinoIcons.ttf"}]},{"family":"packages/golden_toolkit/Roboto","fonts":[{"asset":"packages/golden_toolkit/fonts/Roboto-Regular.ttf"}]}]