{"android/app/src/main/AndroidManifest.xml":["android/app/src/main/AndroidManifest.xml"],"assets/fonts/Comfortaa-Medium.ttf":["assets/fonts/Comfortaa-Medium.ttf"],"assets/fonts/Consolas-Regular.ttf":["assets/fonts/Consolas-Regular.ttf"],"assets/fonts/Montserrat-SemiBold.ttf":["assets/fonts/Montserrat-SemiBold.ttf"],"assets/fonts/Onest-Medium.ttf":["assets/fonts/Onest-Medium.ttf"],"assets/fonts/Oswald-Regular.ttf":["assets/fonts/Oswald-Regular.ttf"],"assets/fonts/Raleway-Medium.ttf":["assets/fonts/Raleway-Medium.ttf"],"assets/fonts/Roboto-Regular.ttf":["assets/fonts/Roboto-Regular.ttf"],"assets/images/account.png":["assets/images/account.png"],"assets/images/app_icon.png":["assets/images/app_icon.png"],"assets/images/app_icon365.png":["assets/images/app_icon365.png"],"assets/images/app_icon_black.png":["assets/images/app_icon_black.png"],"assets/images/appearance.png":["assets/images/appearance.png"],"assets/images/custom_dish.png":["assets/images/custom_dish.png"],"assets/images/custom_dish_selected.png":["assets/images/custom_dish_selected.png"],"assets/images/dashboard/arrow_down.svg":["assets/images/dashboard/arrow_down.svg"],"assets/images/dashboard/close_circle.svg":["assets/images/dashboard/close_circle.svg"],"assets/images/details.png":["assets/images/details.png"],"assets/images/drawer/cached.png":["assets/images/drawer/cached.png"],"assets/images/drawer/close.png":["assets/images/drawer/close.png"],"assets/images/drawer/description.png":["assets/images/drawer/description.png"],"assets/images/drawer/fact_check.png":["assets/images/drawer/fact_check.png"],"assets/images/drawer/grading.png":["assets/images/drawer/grading.png"],"assets/images/drawer/insert_chart.png":["assets/images/drawer/insert_chart.png"],"assets/images/drawer/logout.png":["assets/images/drawer/logout.png"],"assets/images/drawer/package.png":["assets/images/drawer/package.png"],"assets/images/drawer/pending_actions.png":["assets/images/drawer/pending_actions.png"],"assets/images/drawer/settings.png":["assets/images/drawer/settings.png"],"assets/images/drawer/shop.png":["assets/images/drawer/shop.png"],"assets/images/drawer/waiter.png":["assets/images/drawer/waiter.png"],"assets/images/foniso1.png":["assets/images/foniso1.png"],"assets/images/general.png":["assets/images/general.png"],"assets/images/hardware.png":["assets/images/hardware.png"],"assets/images/icons/Chevron.png":["assets/images/icons/Chevron.png"],"assets/images/icons/Label.png":["assets/images/icons/Label.png"],"assets/images/icons/add.svg":["assets/images/icons/add.svg"],"assets/images/icons/add_circle.png":["assets/images/icons/add_circle.png"],"assets/images/icons/arrow-right-1.svg":["assets/images/icons/arrow-right-1.svg"],"assets/images/icons/arrow_down_icon.png":["assets/images/icons/arrow_down_icon.png"],"assets/images/icons/arrow_up_icon.png":["assets/images/icons/arrow_up_icon.png"],"assets/images/icons/at_counter.svg":["assets/images/icons/at_counter.svg"],"assets/images/icons/bag-timer.png":["assets/images/icons/bag-timer.png"],"assets/images/icons/bag-timer.svg":["assets/images/icons/bag-timer.svg"],"assets/images/icons/bag.svg":["assets/images/icons/bag.svg"],"assets/images/icons/barcode.svg":["assets/images/icons/barcode.svg"],"assets/images/icons/barcode_icon.png":["assets/images/icons/barcode_icon.png"],"assets/images/icons/box.svg":["assets/images/icons/box.svg"],"assets/images/icons/card-tick.svg":["assets/images/icons/card-tick.svg"],"assets/images/icons/card.svg":["assets/images/icons/card.svg"],"assets/images/icons/category.svg":["assets/images/icons/category.svg"],"assets/images/icons/clear.svg":["assets/images/icons/clear.svg"],"assets/images/icons/clear_text.svg":["assets/images/icons/clear_text.svg"],"assets/images/icons/clipboard-tick.png":["assets/images/icons/clipboard-tick.png"],"assets/images/icons/clipboard-tick.svg":["assets/images/icons/clipboard-tick.svg"],"assets/images/icons/clock-1.svg":["assets/images/icons/clock-1.svg"],"assets/images/icons/clock.png":["assets/images/icons/clock.png"],"assets/images/icons/clock.svg":["assets/images/icons/clock.svg"],"assets/images/icons/cooking_ready.svg":["assets/images/icons/cooking_ready.svg"],"assets/images/icons/dine_in.svg":["assets/images/icons/dine_in.svg"],"assets/images/icons/dining-chair.png":["assets/images/icons/dining-chair.png"],"assets/images/icons/dining-chair.svg":["assets/images/icons/dining-chair.svg"],"assets/images/icons/document-download.svg":["assets/images/icons/document-download.svg"],"assets/images/icons/document-text.svg":["assets/images/icons/document-text.svg"],"assets/images/icons/dollar-circle.svg":["assets/images/icons/dollar-circle.svg"],"assets/images/icons/drawer.svg":["assets/images/icons/drawer.svg"],"assets/images/icons/email_icon.svg":["assets/images/icons/email_icon.svg"],"assets/images/icons/exit.svg":["assets/images/icons/exit.svg"],"assets/images/icons/eye.svg":["assets/images/icons/eye.svg"],"assets/images/icons/eye_icon.png":["assets/images/icons/eye_icon.png"],"assets/images/icons/filter.svg":["assets/images/icons/filter.svg"],"assets/images/icons/filter_icon.png":["assets/images/icons/filter_icon.png"],"assets/images/icons/fire.svg":["assets/images/icons/fire.svg"],"assets/images/icons/firegif.gif":["assets/images/icons/firegif.gif"],"assets/images/icons/frame-5.svg":["assets/images/icons/frame-5.svg"],"assets/images/icons/frame-6.svg":["assets/images/icons/frame-6.svg"],"assets/images/icons/frame-7.svg":["assets/images/icons/frame-7.svg"],"assets/images/icons/frame-8.svg":["assets/images/icons/frame-8.svg"],"assets/images/icons/frame-9.svg":["assets/images/icons/frame-9.svg"],"assets/images/icons/frame.png":["assets/images/icons/frame.png"],"assets/images/icons/home-2.svg":["assets/images/icons/home-2.svg"],"assets/images/icons/image40.svg":["assets/images/icons/image40.svg"],"assets/images/icons/image42.svg":["assets/images/icons/image42.svg"],"assets/images/icons/import.svg":["assets/images/icons/import.svg"],"assets/images/icons/key.svg":["assets/images/icons/key.svg"],"assets/images/icons/kitchen.svg":["assets/images/icons/kitchen.svg"],"assets/images/icons/list.svg":["assets/images/icons/list.svg"],"assets/images/icons/loading.svg":["assets/images/icons/loading.svg"],"assets/images/icons/location_placeholder.svg":["assets/images/icons/location_placeholder.svg"],"assets/images/icons/logo.svg":["assets/images/icons/logo.svg"],"assets/images/icons/logout.png":["assets/images/icons/logout.png"],"assets/images/icons/logout.svg":["assets/images/icons/logout.svg"],"assets/images/icons/note.png":["assets/images/icons/note.png"],"assets/images/icons/note.svg":["assets/images/icons/note.svg"],"assets/images/icons/novikov_logo.svg":["assets/images/icons/novikov_logo.svg"],"assets/images/icons/online_chat_icon.svg":["assets/images/icons/online_chat_icon.svg"],"assets/images/icons/order_ready.svg":["assets/images/icons/order_ready.svg"],"assets/images/icons/pause.svg":["assets/images/icons/pause.svg"],"assets/images/icons/pay_here.svg":["assets/images/icons/pay_here.svg"],"assets/images/icons/pensil.svg":["assets/images/icons/pensil.svg"],"assets/images/icons/people.svg":["assets/images/icons/people.svg"],"assets/images/icons/percent.svg":["assets/images/icons/percent.svg"],"assets/images/icons/phone_icon.svg":["assets/images/icons/phone_icon.svg"],"assets/images/icons/preparing_icon.svg":["assets/images/icons/preparing_icon.svg"],"assets/images/icons/printer.svg":["assets/images/icons/printer.svg"],"assets/images/icons/ready_icon.svg":["assets/images/icons/ready_icon.svg"],"assets/images/icons/receipt.svg":["assets/images/icons/receipt.svg"],"assets/images/icons/refresh-2.svg":["assets/images/icons/refresh-2.svg"],"assets/images/icons/remove_circle.png":["assets/images/icons/remove_circle.png"],"assets/images/icons/required_circle.svg":["assets/images/icons/required_circle.svg"],"assets/images/icons/reserve.svg":["assets/images/icons/reserve.svg"],"assets/images/icons/road_sign.svg":["assets/images/icons/road_sign.svg"],"assets/images/icons/save-2.svg":["assets/images/icons/save-2.svg"],"assets/images/icons/save.svg":["assets/images/icons/save.svg"],"assets/images/icons/scan.svg":["assets/images/icons/scan.svg"],"assets/images/icons/search-normal.svg":["assets/images/icons/search-normal.svg"],"assets/images/icons/search_icon.png":["assets/images/icons/search_icon.png"],"assets/images/icons/send.svg":["assets/images/icons/send.svg"],"assets/images/icons/sent.svg":["assets/images/icons/sent.svg"],"assets/images/icons/setting-2.png":["assets/images/icons/setting-2.png"],"assets/images/icons/setting-2.svg":["assets/images/icons/setting-2.svg"],"assets/images/icons/setting.svg":["assets/images/icons/setting.svg"],"assets/images/icons/shop.svg":["assets/images/icons/shop.svg"],"assets/images/icons/shopping_bag.svg":["assets/images/icons/shopping_bag.svg"],"assets/images/icons/sortaz.png":["assets/images/icons/sortaz.png"],"assets/images/icons/sortza.png":["assets/images/icons/sortza.png"],"assets/images/icons/strelka.png":["assets/images/icons/strelka.png"],"assets/images/icons/sun.svg":["assets/images/icons/sun.svg"],"assets/images/icons/support.svg":["assets/images/icons/support.svg"],"assets/images/icons/take_out.svg":["assets/images/icons/take_out.svg"],"assets/images/icons/task-square.png":["assets/images/icons/task-square.png"],"assets/images/icons/task-square.svg":["assets/images/icons/task-square.svg"],"assets/images/icons/telegram_icon.svg":["assets/images/icons/telegram_icon.svg"],"assets/images/icons/trash.svg":["assets/images/icons/trash.svg"],"assets/images/icons/truck-time.svg":["assets/images/icons/truck-time.svg"],"assets/images/icons/warning.svg":["assets/images/icons/warning.svg"],"assets/images/icons/whatsapp_icon.svg":["assets/images/icons/whatsapp_icon.svg"],"assets/images/info.png":["assets/images/info.png"],"assets/images/info_selected.png":["assets/images/info_selected.png"],"assets/images/kiosk/apple_pay.png":["assets/images/kiosk/apple_pay.png"],"assets/images/kiosk/arrow_to_right.gif":["assets/images/kiosk/arrow_to_right.gif"],"assets/images/kiosk/bag.png":["assets/images/kiosk/bag.png"],"assets/images/kiosk/card_pay.png":["assets/images/kiosk/card_pay.png"],"assets/images/kiosk/catalog_delete_later.png":["assets/images/kiosk/catalog_delete_later.png"],"assets/images/kiosk/catalog_delete_later2.png":["assets/images/kiosk/catalog_delete_later2.png"],"assets/images/kiosk/check.png":["assets/images/kiosk/check.png"],"assets/images/kiosk/counter.png":["assets/images/kiosk/counter.png"],"assets/images/kiosk/coupon.png":["assets/images/kiosk/coupon.png"],"assets/images/kiosk/dine_in.png":["assets/images/kiosk/dine_in.png"],"assets/images/kiosk/down.png":["assets/images/kiosk/down.png"],"assets/images/kiosk/g_pay.png":["assets/images/kiosk/g_pay.png"],"assets/images/kiosk/halyk_logo.png":["assets/images/kiosk/halyk_logo.png"],"assets/images/kiosk/loading.gif":["assets/images/kiosk/loading.gif"],"assets/images/kiosk/payment_methods.png":["assets/images/kiosk/payment_methods.png"],"assets/images/kiosk/payment_next.svg":["assets/images/kiosk/payment_next.svg"],"assets/images/kiosk/right_arrow.png":["assets/images/kiosk/right_arrow.png"],"assets/images/kiosk/start.png":["assets/images/kiosk/start.png"],"assets/images/kiosk/takeout.png":["assets/images/kiosk/takeout.png"],"assets/images/kiosk/wallet_pay.png":["assets/images/kiosk/wallet_pay.png"],"assets/images/kiosk/wheelchair.png":["assets/images/kiosk/wheelchair.png"],"assets/images/korobka.png":["assets/images/korobka.png"],"assets/images/left_arrow.png":["assets/images/left_arrow.png"],"assets/images/logo.svg":["assets/images/logo.svg"],"assets/images/mail.png":["assets/images/mail.png"],"assets/images/mail_filled.png":["assets/images/mail_filled.png"],"assets/images/move_plates.png":["assets/images/move_plates.png"],"assets/images/move_plates_selected.png":["assets/images/move_plates_selected.png"],"assets/images/other.png":["assets/images/other.png"],"assets/images/paloma365_logo.jpg":["assets/images/paloma365_logo.jpg"],"assets/images/placeholder.png":["assets/images/placeholder.png"],"assets/images/print_filled.png":["assets/images/print_filled.png"],"assets/images/printer.png":["assets/images/printer.png"],"assets/images/sms.png":["assets/images/sms.png"],"assets/images/sms_filled.png":["assets/images/sms_filled.png"],"assets/images/swipe_card.png":["assets/images/swipe_card.png"],"assets/images/tables/circle_green.svg":["assets/images/tables/circle_green.svg"],"assets/images/tables/circle_red.svg":["assets/images/tables/circle_red.svg"],"assets/images/tables/floor.jfif":["assets/images/tables/floor.jfif"],"assets/images/tables/square_green.svg":["assets/images/tables/square_green.svg"],"assets/images/tables/square_red.svg":["assets/images/tables/square_red.svg"],"assets/sounds/notification1.wav":["assets/sounds/notification1.wav"],"assets/sounds/notification2.wav":["assets/sounds/notification2.wav"],"assets/sounds/notification3.wav":["assets/sounds/notification3.wav"],"assets/sounds/notification4.wav":["assets/sounds/notification4.wav"],"assets/sounds/notification5.wav":["assets/sounds/notification5.wav"],"assets/sounds/notification6.wav":["assets/sounds/notification6.wav"],"assets/sounds/notification7.wav":["assets/sounds/notification7.wav"],"assets/sounds/notification8.wav":["assets/sounds/notification8.wav"],"assets/sounds/notification9.wav":["assets/sounds/notification9.wav"],"packages/cupertino_icons/assets/CupertinoIcons.ttf":["packages/cupertino_icons/assets/CupertinoIcons.ttf"],"packages/esc_pos_utils_plus/resources/capabilities.json":["packages/esc_pos_utils_plus/resources/capabilities.json"],"packages/flex_color_picker/assets/opacity.png":["packages/flex_color_picker/assets/opacity.png"],"packages/flutter_esc_pos_utils/resources/capabilities.json":["packages/flutter_esc_pos_utils/resources/capabilities.json"],"packages/golden_toolkit/fonts/Roboto-Regular.ttf":["packages/golden_toolkit/fonts/Roboto-Regular.ttf"],"packages/win_ble/assets/BLEServer.exe":["packages/win_ble/assets/BLEServer.exe"],"shorebird.yaml":["shorebird.yaml"]}